<?xml version="1.0" encoding="UTF-8"?>
<project-private xmlns="http://www.netbeans.org/ns/project-private/1">
    <editor-bookmarks xmlns="http://www.netbeans.org/ns/editor-bookmarks/2" lastBookmarkId="0"/>
    <open-files xmlns="http://www.netbeans.org/ns/projectui-open-files/2">
        <group>
            <file>file:/F:/2_1_codes/CSE2100SD/FlashCard/src/flashcard/CreateCardController.java</file>
            <file>file:/F:/2_1_codes/CSE2100SD/FlashCard/src/flashcard/FlashCard.java</file>
            <file>file:/F:/2_1_codes/CSE2100SD/FlashCard/src/flashcard/PlayCardController.java</file>
        </group>
    </open-files>
</project-private>
